{"B_2": 11.93295892038897, "G_3": 4.579290297772013, "R_1": 4.200818032026291, "B_1": 3.899022324882976, "R_3": 3.892087604044311, "G_1": 3.0666606070668396, "G_2": 3.0120010339279673, "R_2": 0.7353474859064862}