{"threshold": 0.5, "accuracy": [0.8888888888888888, 0.8148148148148148, 0.7777777777777778, 0.7037037037037037, 0.8461538461538461], "f1_score": [0.9142857142857143, 0.8484848484848485, 0.8125, 0.75, 0.8888888888888888], "auc": [0.9235294117647058, 0.8125, 0.8465909090909091, 0.7386363636363636, 0.9], "precision": [0.8888888888888888, 0.8235294117647058, 0.8125, 0.75, 0.8], "recall": [0.9411764705882353, 0.875, 0.8125, 0.75, 1.0], "fpr": [[0.0, 0.0, 0.0, 0.1, 0.1, 0.3, 0.3, 1.0], [0.0, 0.0, 0.0, 0.09090909090909091, 0.09090909090909091, 0.2727272727272727, 0.2727272727272727, 0.5454545454545454, 0.5454545454545454, 0.8181818181818182, 0.8181818181818182, 1.0], [0.0, 0.0, 0.0, 0.09090909090909091, 0.09090909090909091, 0.18181818181818182, 0.18181818181818182, 0.2727272727272727, 0.2727272727272727, 0.7272727272727273, 0.7272727272727273, 1.0], [0.0, 0.0, 0.09090909090909091, 0.09090909090909091, 0.18181818181818182, 0.18181818181818182, 0.2727272727272727, 0.2727272727272727, 0.36363636363636365, 0.36363636363636365, 0.9090909090909091, 0.9090909090909091, 1.0], [0.0, 0.0, 0.0, 0.1, 0.1, 0.2, 0.2, 0.4, 0.4, 1.0]], "tpr": [[0.0, 0.058823529411764705, 0.35294117647058826, 0.35294117647058826, 0.9411764705882353, 0.9411764705882353, 1.0, 1.0], [0.0, 0.0625, 0.25, 0.25, 0.625, 0.625, 0.875, 0.875, 0.9375, 0.9375, 1.0, 1.0], [0.0, 0.0625, 0.25, 0.25, 0.5625, 0.5625, 0.8125, 0.8125, 0.9375, 0.9375, 1.0, 1.0], [0.0, 0.0625, 0.0625, 0.375, 0.375, 0.4375, 0.4375, 0.625, 0.625, 0.9375, 0.9375, 1.0, 1.0], [0.0, 0.0625, 0.25, 0.25, 0.875, 0.875, 0.9375, 0.9375, 1.0, 1.0]]}