{"threshold": 0.5, "accuracy": [0.8518518518518519, 0.6666666666666666, 0.7407407407407407, 0.6666666666666666, 0.7692307692307693], "f1_score": [0.8823529411764706, 0.7096774193548387, 0.7586206896551724, 0.7428571428571429, 0.8125], "auc": [0.8470588235294116, 0.7613636363636364, 0.8125, 0.7159090909090909, 0.8], "precision": [0.8823529411764706, 0.7333333333333333, 0.8461538461538461, 0.6842105263157895, 0.8125], "recall": [0.8823529411764706, 0.6875, 0.6875, 0.8125, 0.8125], "fpr": [[0.0, 0.0, 0.0, 0.1, 0.1, 0.2, 0.2, 0.9, 0.9, 1.0], [0.0, 0.0, 0.0, 0.09090909090909091, 0.09090909090909091, 0.18181818181818182, 0.18181818181818182, 0.36363636363636365, 0.36363636363636365, 0.5454545454545454, 0.5454545454545454, 0.6363636363636364, 0.6363636363636364, 1.0], [0.0, 0.0, 0.0, 0.18181818181818182, 0.18181818181818182, 0.2727272727272727, 0.2727272727272727, 0.5454545454545454, 0.5454545454545454, 0.6363636363636364, 0.6363636363636364, 1.0], [0.0, 0.0, 0.0, 0.09090909090909091, 0.09090909090909091, 0.18181818181818182, 0.18181818181818182, 0.45454545454545453, 0.45454545454545453, 0.5454545454545454, 0.5454545454545454, 0.7272727272727273, 0.7272727272727273, 0.9090909090909091, 0.9090909090909091, 1.0, 1.0], [0.0, 0.0, 0.0, 0.1, 0.1, 0.2, 0.2, 0.3, 0.3, 0.4, 0.4, 0.6, 0.6, 1.0]], "tpr": [[0.0, 0.058823529411764705, 0.5882352941176471, 0.5882352941176471, 0.7058823529411765, 0.7058823529411765, 0.8823529411764706, 0.8823529411764706, 1.0, 1.0], [0.0, 0.0625, 0.125, 0.125, 0.4375, 0.4375, 0.625, 0.625, 0.8125, 0.8125, 0.9375, 0.9375, 1.0, 1.0], [0.0, 0.0625, 0.3125, 0.3125, 0.75, 0.75, 0.875, 0.875, 0.9375, 0.9375, 1.0, 1.0], [0.0, 0.0625, 0.25, 0.25, 0.5, 0.5, 0.6875, 0.6875, 0.75, 0.75, 0.8125, 0.8125, 0.875, 0.875, 0.9375, 0.9375, 1.0], [0.0, 0.0625, 0.125, 0.125, 0.5625, 0.5625, 0.75, 0.75, 0.8125, 0.8125, 0.875, 0.875, 1.0, 1.0]]}