{
  "seed_file": "seeds/repeat_seeds.json",
  "n_repeats": 10,
  "n_splits": 5,
  "metrics": {
    "acc": {
      "mean": 0.801082621082621,
      "std": 0.01903500655587456
    },
    "f1": {
      "mean": 0.8448631885720335,
      "std": 0.012884337819891125
    },
    "auc": {
      "mean": 0.8557680481283422,
      "std": 0.012422366606914705
    },
    "precision": {
      "mean": 0.8042960353200291,
      "std": 0.02463901215466669
    },
    "recall": {
      "mean": 0.896029411764706,
      "std": 0.010157709670193613
    }
  },
  "config": {
    "run_id": "20260518_120928",
    "run_dir": "results/2_layers/20260518_120928",
    "data_path": "/data/jxiao/gas_data/gas_new/values_refine/RGB_diff_refine_label_new_n2.csv",
    "INPUT_DIM": 8,
    "EPOCHS": 250,
    "BATCH_SIZE": 20,
    "LR": 0.0002,
    "PATIENCE": 10,
    "N_SPLITS": 5,
    "N_REPEATS": 10,
    "BASE_SEED": 42,
    "seed_dir": "seeds",
    "result_dir": "results/2_layers",
    "SEED_FILE": "seeds/repeat_seeds.json",
    "REUSE_SEEDS": true,
    "THRESHOLD": 0.5,
    "DROPOUT": 0.3,
    "use_smote": false,
    "use_posweight": false
  }
}